#1,#2,#3,#4,#5,#6,#7,#8,#9,#10,#11,#12,#13,#14,#15,#16,#17,#18,#19,#20,#21,#22,#23,#24,#25,#26,#27,#28,#29,#30,#31,#33,#34,#36,#38,#39,#40,#44,#47,#57,#58,#59,#61,#63,#71,#72,#73,#76,#78,#80,#81,#84,#85,#87,#88,#89,#90,#91,#92,#93,#94,#95,#96,#97,#98,#99,#100,#101,#102,#103,#104,#105,#107,#108,#109,#110,#111,#112,#113,#114,#115,#116,#117,#120,#121,#122,#124,#125,#127,#128,#130,#131,#132,#134,#136,#137,#138,#140,#141,#143,#144,#146,#150,#151,#155
59.45247650146485,281.1793212890625,67.17006683349611,95.73927307128906,56.4591064453125,576.9764404296875,851.6339111328125,563.7427978515625,951.5096435546876,67.57848358154297,784.8026733398438,1009.37890625,936.05419921875,925.3173217773438,808.4442138671875,869.46826171875,388.3115234375,900.2111206054688,862.31787109375,32.049697875976555,863.38330078125,928.6068115234376,47.43966674804688,36.851165771484375,908.2708740234376,814.3521118164062,965.62353515625,931.9988403320312,924.5772094726562,908.1199340820312,926.5543823242188,822.9437866210938,902.1853637695312,501.3291015625,905.67236328125,877.08837890625,875.9598999023438,978.6143188476562,856.7102661132812,951.5939331054688,1063.4742431640623,927.3850708007812,1050.87255859375,1054.6650390625,894.4603271484375,270.60519409179693,914.8628540039062,963.7960815429688,1025.1929931640623,946.6942749023438,974.332763671875,857.9432373046875,851.6123657226562,980.5811157226562,845.39990234375,873.7564697265625,969.9845581054688,410.9932861328125,912.9437866210938,909.0744018554688,948.4652709960938,903.5691528320312,965.7818603515624,735.6107788085938,823.213134765625,911.781982421875,833.3302612304688,605.3757934570312,909.0812377929688,349.7574157714844,504.420654296875,991.61865234375,959.9421997070312,956.9132080078124,993.6795043945312,262.67782592773443,873.912841796875,919.5106811523438,682.9523315429688,953.580810546875,908.234375,859.8648681640625,903.9862060546876,1061.331298828125,834.2960205078125,902.8753051757812,808.2950439453125,758.48779296875,1031.046630859375,1039.1336669921877,1060.80224609375,649.8623657226562,961.032470703125,922.37939453125,911.3580322265624,858.220458984375,1011.96484375,901.49169921875,888.4861450195312,1037.9747314453123,1027.0489501953123,883.9148559570312,972.7496948242188,975.3182373046876,907.9984741210938
60.58047485351562,289.35479736328125,67.79249572753906,100.89324951171876,56.54494857788086,582.3880615234375,850.2175903320312,574.1288452148438,941.22607421875,67.43853759765625,788.2411499023438,1004.2122802734376,934.99072265625,932.37451171875,806.4959106445312,870.3983154296875,389.7078857421875,899.39208984375,860.8058471679688,32.05502700805664,859.2332153320312,924.8897094726562,48.68661117553711,37.059181213378906,903.6389770507812,816.8931274414062,956.0081176757812,933.5369873046876,925.6138916015624,907.4711303710938,925.4611206054688,823.771728515625,899.6552124023438,498.3194274902344,905.5414428710938,880.7478637695312,874.494873046875,979.0645751953124,858.748779296875,951.515625,1059.3280029296877,925.9210815429688,1052.996826171875,1052.82373046875,902.287109375,273.58016967773443,917.7255249023438,964.759033203125,1025.8330078125,948.892578125,976.2274780273438,854.9786987304688,853.5518798828125,969.0665893554688,850.2889404296875,874.5004272460938,972.9921875,409.48089599609375,911.5604248046876,912.4743041992188,947.1744384765624,902.1640625,969.9313354492188,730.7351684570312,819.2789306640625,911.87158203125,834.9037475585938,603.8057250976562,908.6837768554688,348.2718200683594,500.0975036621094,991.6580200195312,961.62939453125,960.015380859375,988.1394653320312,260.90631103515625,872.12353515625,922.05126953125,675.8467407226562,946.1332397460938,911.953369140625,862.7605590820312,902.6482543945312,1063.9351806640623,832.6513671875,900.4971313476562,808.7088012695312,759.2144165039062,1028.6011962890623,1042.16796875,1061.0438232421877,647.6807250976562,958.3825073242188,919.1053466796876,909.7794799804688,858.1743774414062,1017.4122924804688,900.4647216796875,887.4613647460938,1040.3077392578123,1024.8565673828123,884.9574584960938,965.6336059570312,973.2222290039062,908.0178833007812
60.29705429077149,292.3627624511719,66.67498779296875,99.50516510009766,55.73846817016602,583.7931518554688,846.3972778320312,575.9902954101562,942.373779296875,66.07673645019531,788.6351928710938,1005.1478271484376,934.8936157226562,931.4996948242188,803.83837890625,871.3519897460938,388.3406066894531,900.8500366210938,863.3418579101562,31.4470157623291,859.6854248046875,927.3142700195312,46.993431091308594,36.81789016723633,898.2881469726562,814.5869140625,956.45849609375,928.6556396484376,925.7611083984376,907.02490234375,926.8410034179688,821.0007934570312,898.57421875,493.2552490234375,903.6248168945312,875.2928466796875,872.6339721679688,977.92431640625,857.2691650390625,949.9813842773438,1073.89013671875,924.36181640625,1047.8531494140623,1051.37109375,906.0458374023438,270.98812866210943,916.5217895507812,965.2940063476562,1026.2027587890623,946.135498046875,972.5587158203124,856.2904663085938,852.8806762695312,970.9207153320312,850.0122680664062,873.2892456054688,970.1458740234376,411.7482299804688,910.5720825195312,908.5821533203124,946.1544189453124,901.4540405273438,970.7635498046876,730.43896484375,822.0718383789062,911.5119018554688,836.236328125,605.3649291992188,907.7854614257812,347.3415832519531,501.895263671875,988.1365356445312,959.8388061523438,969.449462890625,990.496826171875,263.62725830078125,868.79638671875,922.4197998046876,677.6847534179688,944.2673950195312,912.1686401367188,862.02685546875,901.2711791992188,1065.0281982421877,835.1409912109375,899.9393310546875,809.1882934570312,755.6052856445312,1030.44140625,1042.456298828125,1064.3800048828123,651.2265625,960.9246215820312,914.3001708984376,908.7896728515624,858.46337890625,1017.6312866210938,899.59912109375,889.2756958007812,1041.8677978515623,1030.9405517578123,884.1304321289062,964.3829345703124,975.4620971679688,907.0025634765624
59.20696640014648,285.1016540527344,67.18846893310547,96.00665283203124,57.236412048339844,581.7693481445312,850.2113037109375,560.53759765625,952.0578002929688,65.96473693847656,784.1053466796875,1004.8303833007812,943.3042602539062,919.2300415039062,807.802734375,868.8675537109375,388.4046936035156,901.1402587890624,858.0775756835938,31.38912773132324,858.5542602539062,927.7378540039062,48.85882186889648,37.09219741821289,898.6613159179688,815.4176635742188,957.2228393554688,925.1254272460938,927.223876953125,908.00927734375,923.4382934570312,819.5115356445312,897.311767578125,494.0932922363281,905.1095581054688,875.7723999023438,869.5405883789062,978.2640991210938,857.1921997070312,948.8578491210938,1058.88525390625,925.63037109375,1050.4884033203123,1055.2503662109377,894.7692260742188,269.35867309570307,915.9539184570312,969.7957153320312,1027.4024658203123,944.5416259765624,972.3279418945312,850.4675903320312,851.7908325195312,972.4340209960938,849.2420043945312,875.24267578125,970.1017456054688,410.6742858886719,911.2849731445312,908.9888916015624,948.164794921875,900.66845703125,966.7210083007812,733.1575927734375,826.2307739257812,908.766845703125,834.5149536132812,608.9427490234375,909.5740966796876,346.892578125,504.2489318847656,988.2426147460938,957.47412109375,958.4464111328124,992.119140625,261.723388671875,870.5089721679688,920.7923583984376,682.9325561523438,947.2319946289062,915.1266479492188,862.2135009765625,905.7451171875,1060.4508056640623,832.5812377929688,902.87744140625,807.2634887695312,756.3713989257812,1031.036376953125,1039.904052734375,1059.65625,653.4127197265625,968.6259155273438,915.2606811523438,911.5333862304688,859.661376953125,1019.2868041992188,902.4116821289062,890.07666015625,1037.3189697265623,1028.95654296875,879.1456298828125,968.03271484375,975.5231323242188,905.4274291992188
60.22499465942383,290.25543212890625,67.83645629882811,100.40628814697266,56.47369384765625,585.6084594726562,847.331298828125,567.90283203125,949.33447265625,66.69338226318361,785.2733154296875,1002.81494140625,941.8187866210938,925.5623168945312,805.3635864257812,869.5587768554688,389.1950073242188,898.8712158203125,857.9480590820312,31.52020835876465,858.3219604492188,928.0958862304688,48.8449821472168,37.81161880493164,902.5233154296876,815.8184814453125,954.3402709960938,928.6048583984376,928.28662109375,908.7621459960938,922.8884887695312,820.89794921875,899.3829956054688,486.8910827636719,904.2367553710938,879.1687622070312,870.1993408203125,980.4851684570312,856.9485473632812,951.7769165039062,1066.4940185546877,926.3464965820312,1054.0032958984377,1055.085205078125,913.1197509765624,272.533203125,918.3018188476562,971.65673828125,1027.03076171875,946.9161987304688,974.3126831054688,857.4122924804688,855.0621948242188,972.1723022460938,849.593994140625,874.2394409179688,974.453125,411.9165954589844,908.4343872070312,914.1278686523438,943.7041625976562,901.149658203125,970.3230590820312,730.6350708007812,823.7723999023438,912.6371459960938,832.8718872070312,606.9288940429688,910.13525390625,351.2651672363281,500.9796447753906,990.2216186523438,961.4588623046876,956.7833251953124,994.4568481445312,264.38436889648443,871.0123291015625,922.7540283203124,685.5361328125,947.91259765625,916.6346435546876,862.7490844726562,903.2243041992188,1067.1156005859377,833.7019653320312,898.5709228515625,804.1903076171875,757.55908203125,1031.0205078125,1042.638671875,1057.6141357421877,648.9461059570312,967.877685546875,917.1460571289062,912.2039184570312,860.3652954101562,1018.046875,899.0966186523438,889.2532958984375,1038.9390869140623,1021.9155883789062,881.1134033203125,971.5613403320312,972.8571166992188,907.6962280273438
59.43561935424805,284.26690673828125,65.92149353027344,98.8509750366211,56.58704376220703,577.203125,845.2345581054688,568.2173461914062,944.7913208007812,66.06742858886719,783.2855834960938,1003.864013671875,942.6270751953124,931.9954833984376,809.5623779296875,866.7572021484375,390.8451232910156,900.3742065429688,863.7432250976562,32.12857818603516,860.38525390625,925.9254760742188,49.21450424194336,37.265625,905.4588623046876,813.6560668945312,955.7635498046876,933.4708862304688,927.3106689453124,914.87109375,927.06103515625,823.0861206054688,900.6277465820312,490.4725646972656,904.4093627929688,874.689453125,869.0640258789062,980.5360717773438,858.06201171875,956.03076171875,1078.7861328125,928.5211791992188,1054.6259765625,1058.4813232421877,892.33447265625,269.47879028320307,916.81494140625,971.651123046875,1030.4293212890623,950.0211791992188,973.9464721679688,857.4342651367188,853.5714721679688,971.3497314453124,852.087646484375,875.7061157226562,972.3782958984376,413.3688659667969,910.438720703125,911.6746215820312,941.6915893554688,904.4794311523438,975.9312133789062,730.8821411132812,823.52099609375,912.9155883789062,833.6635131835938,604.9788208007812,908.8063354492188,349.0746154785156,499.659912109375,991.7615356445312,963.4851684570312,960.897216796875,992.4050903320312,261.20175170898443,867.7520751953125,921.5020751953124,680.4859619140625,942.9490356445312,907.317626953125,859.5821533203125,901.83935546875,1064.397705078125,836.3526611328125,897.1904296875,806.041259765625,759.98876953125,1034.7159423828123,1039.8941650390623,1059.4560546875,650.2474975585938,959.464111328125,917.62109375,912.0626220703124,859.8630981445312,1019.7701416015624,897.03125,887.0159301757812,1038.611572265625,1026.5399169921877,879.3143310546875,962.6019897460938,972.8037719726562,905.5181884765624
60.58216094970703,292.0091247558594,66.01123809814453,98.99598693847656,56.84779739379883,587.8057250976562,848.7899169921875,570.0917358398438,947.7235717773438,67.51720428466797,788.1914672851562,1005.100830078125,945.962158203125,932.5548706054688,807.8385620117188,867.2076416015625,389.6786804199219,900.3655395507812,862.1885375976562,31.419921875,861.2962646484375,923.5966186523438,48.45038986206055,37.31146240234375,897.807861328125,813.6062622070312,956.8712158203124,929.07958984375,925.5828247070312,910.1069946289062,928.0940551757812,819.6578369140625,898.6941528320312,492.4975280761719,902.14794921875,875.3912353515625,873.6787719726562,975.98681640625,857.017333984375,949.9989624023438,1060.7091064453123,924.7658081054688,1052.256591796875,1056.0302734375,902.94091796875,271.94918823242193,917.6968383789062,964.4237060546876,1027.7813720703123,944.3128662109376,976.0634155273438,859.8727416992188,852.781494140625,974.83984375,847.6967163085938,874.032470703125,969.35546875,410.7702026367188,910.807373046875,911.4727783203124,948.012451171875,901.7802124023438,968.0789184570312,730.1925659179688,826.2394409179688,907.7078247070312,834.0789184570312,604.2129516601562,905.8243408203124,348.3529968261719,499.6617431640625,990.0796508789062,960.3453979492188,961.6410522460938,993.4157104492188,259.2359619140625,872.3820190429688,922.0354614257812,679.4542846679688,940.8114624023438,912.703857421875,861.6978759765625,901.5753784179688,1061.1549072265623,832.235107421875,902.3694458007812,808.2109375,757.9539184570312,1029.736572265625,1041.873291015625,1060.318115234375,651.8380126953125,956.4379272460938,917.1675415039062,909.9744873046876,858.5936279296875,1017.8512573242188,900.041748046875,886.2462158203125,1037.913818359375,1025.7626953125,880.9375,965.805419921875,974.93798828125,904.854736328125
60.25648880004883,291.51123046875,67.51050567626953,96.81597137451172,56.30410766601562,590.4935913085938,852.3575439453125,573.001708984375,941.2849731445312,68.26699829101561,791.9085693359375,1009.40771484375,939.1395874023438,932.498779296875,802.6668701171875,872.9791259765625,390.0509643554688,900.419677734375,865.97607421875,30.0313720703125,864.96875,927.1052856445312,48.44369506835938,36.80343246459961,901.2628784179688,815.06689453125,961.4755249023438,928.1773071289062,925.7276000976562,909.0921020507812,928.80419921875,820.8527221679688,899.8170166015625,500.7250061035156,905.578125,874.8477783203125,877.4872436523438,979.1554565429688,854.9761352539062,948.1710815429688,1058.919921875,925.1610717773438,1052.453369140625,1054.2230224609377,892.2913208007812,271.32479858398443,918.64306640625,968.5249633789062,1025.865966796875,946.50927734375,972.5584106445312,856.0193481445312,854.5339965820312,985.0889892578124,850.4695434570312,875.9402465820312,966.742919921875,409.1397705078125,912.68798828125,911.1697998046876,949.7227172851562,899.5281372070312,963.444580078125,732.6408081054688,821.8816528320312,914.2001342773438,832.5313720703125,604.4197387695312,910.5497436523438,346.574951171875,501.603515625,992.0374145507812,957.711669921875,966.769775390625,994.1119384765624,260.88436889648443,876.38037109375,923.0479125976562,677.7059936523438,948.9411010742188,912.8241577148438,862.3425903320312,903.35107421875,1069.9254150390623,836.0109252929688,903.3759155273438,809.6220092773438,757.302978515625,1029.9969482421877,1042.9293212890623,1062.0059814453123,648.2042236328125,964.5950927734376,918.3555908203124,909.73828125,860.51611328125,1019.8344116210938,901.9208374023438,889.0867309570312,1045.0955810546877,1029.163818359375,888.642333984375,968.0194091796876,971.096435546875,905.9495239257812
59.3141975402832,289.38775634765625,67.29951477050781,99.70794677734376,56.18219375610352,583.6663818359375,848.7275390625,566.9255981445312,942.0232543945312,68.17831420898439,789.548095703125,1006.1332397460938,936.4234008789062,931.8135375976562,804.7527465820312,870.0570678710938,387.9245300292969,899.0277709960938,861.8731689453125,30.14747428894043,860.2874145507812,926.4683227539062,47.54718017578125,36.81541061401367,902.100830078125,813.9148559570312,959.5386352539062,928.1981811523438,926.6599731445312,909.005859375,925.62939453125,820.41357421875,898.9109497070312,498.0926818847656,903.4276123046876,875.8605346679688,872.6652221679688,980.5348510742188,854.8634643554688,952.61669921875,1064.3388671875,927.2489624023438,1046.8226318359377,1054.0078125,909.2578125,269.82412719726557,919.7274780273438,963.9180908203124,1026.4796142578123,948.2864990234376,975.337890625,853.3668823242188,853.0603637695312,979.643798828125,846.40478515625,873.2432250976562,972.9088134765624,411.7899169921875,907.8663940429688,911.4615478515624,950.3009033203124,901.9164428710938,969.2564697265624,731.1765747070312,820.6807250976562,910.145263671875,832.908935546875,605.7990112304688,906.3290405273438,348.5209045410156,501.2618103027344,992.7578125,959.622314453125,958.5859375,987.9568481445312,260.23641967773443,873.6148071289062,922.9002075195312,677.18798828125,949.0491333007812,914.226806640625,861.7095336914062,904.7315063476562,1061.304443359375,830.87939453125,895.6819458007812,807.8585815429688,755.5432739257812,1026.61572265625,1037.9305419921877,1054.9417724609377,648.9777221679688,967.5698852539062,918.9996948242188,911.1589965820312,858.2103881835938,1014.07958984375,897.3796997070312,889.5797729492188,1038.6273193359377,1020.5477905273438,885.837158203125,967.254638671875,972.9989624023438,904.4771728515624
59.50990676879883,287.4468994140625,66.93758392333984,98.47633361816406,57.09980773925781,586.4459228515625,848.7614135742188,572.5477294921875,953.2994384765624,66.39021301269531,784.0455932617188,1002.25341796875,949.6980590820312,928.9755859375,809.071044921875,870.2230834960938,393.40228271484375,900.677734375,859.7993774414062,32.23019027709961,857.912353515625,928.35107421875,49.15298461914063,37.92594528198242,902.8709106445312,813.8719482421875,955.2269897460938,930.3045654296876,931.572998046875,910.9281616210938,924.8048706054688,824.58740234375,900.12939453125,494.6671447753906,902.9338989257812,877.1401977539062,873.93896484375,976.5333862304688,858.1537475585938,949.7142333984376,1055.0482177734377,925.8675537109376,1052.3575439453123,1053.6722412109377,900.7401123046876,272.96929931640625,914.1881103515624,967.6447143554688,1025.5811767578123,946.9510498046876,973.12548828125,857.02587890625,851.3359985351562,965.281982421875,852.0418701171875,871.8063354492188,972.0203247070312,412.3331604003906,911.7439575195312,911.9514770507812,948.7880249023438,901.0902099609376,965.95556640625,730.8982543945312,826.8232421875,912.5004272460938,834.1648559570312,606.61083984375,907.379638671875,348.6387634277344,503.3682556152344,992.210205078125,959.0773315429688,965.696533203125,995.3753051757812,261.732666015625,872.85791015625,922.4032592773438,682.0452880859375,945.1144409179688,911.0526123046876,862.1146240234375,901.9782104492188,1066.098388671875,836.7424926757812,903.8892822265624,805.4092407226562,759.1939697265625,1036.7515869140623,1042.7471923828123,1066.972412109375,651.4420776367188,965.034423828125,916.192138671875,911.8147583007812,860.41259765625,1019.7172241210938,904.5783081054688,888.9512939453125,1041.8033447265623,1032.4830322265623,881.81787109375,969.7841186523438,976.66748046875,909.319091796875
60.79453659057617,291.2144775390625,66.82353210449219,99.84136962890624,56.30479049682617,586.5386962890625,851.1605224609375,573.6525268554688,951.3894653320312,66.84601593017578,787.410888671875,1006.987548828125,956.5767822265624,932.8904418945312,808.6940307617188,871.6779174804688,394.46173095703125,901.0016479492188,862.7261352539062,32.46409225463867,860.59716796875,926.7009887695312,48.08788299560547,36.866153717041016,902.1780395507812,814.364501953125,955.3372802734376,929.2439575195312,929.0856323242188,912.2020874023438,926.4307250976562,820.39208984375,900.1843872070312,493.2261047363281,904.337158203125,877.0667114257812,876.23291015625,979.1033935546876,856.6728515625,950.244140625,1072.1717529296877,926.4361572265624,1053.0914306640623,1054.6552734375,896.143310546875,272.52178955078125,916.6572875976562,964.3861083984376,1027.3511962890623,945.0001831054688,974.520263671875,860.61083984375,854.7179565429688,973.822265625,850.7696533203125,874.9800415039062,972.09423828125,410.700927734375,911.97607421875,909.2261352539062,943.6111450195312,903.1876220703124,969.9926147460938,732.2871704101562,822.7081298828125,913.1251831054688,833.1036376953125,607.81494140625,908.6290283203124,349.3536071777344,503.3345642089844,993.2100219726562,961.32666015625,962.7229614257812,994.1671752929688,258.9962158203125,875.3507690429688,924.642578125,679.2968139648438,942.1814575195312,911.9149169921876,859.2515258789062,901.1980590820312,1066.7506103515623,833.6245727539062,902.1004028320312,809.2958984375,757.435546875,1030.1754150390623,1046.0103759765623,1062.799560546875,650.610595703125,964.5258178710938,917.3473510742188,908.1951293945312,858.2194213867188,1016.3192749023438,897.4122314453125,885.7357177734375,1041.050048828125,1030.9415283203123,882.7687377929688,965.2838134765624,974.4739990234376,906.2799072265624
60.75661087036133,289.454833984375,66.55796813964844,99.6471710205078,56.49541091918945,584.740234375,849.2262573242188,571.74853515625,941.8897094726562,66.35479736328125,787.0696411132812,1004.7481689453124,943.6234741210938,930.739501953125,804.987060546875,868.3598022460938,389.0647277832031,900.0416259765625,862.96044921875,31.21788024902344,861.115966796875,924.6817626953124,48.80747985839844,37.72828674316406,899.4921875,816.4191284179688,952.9503784179688,930.3309936523438,926.5570678710938,909.7992553710938,927.513671875,818.762451171875,898.36181640625,487.0787963867188,903.09033203125,876.0736083984375,871.5435180664062,977.0501708984376,857.6338500976562,951.1058959960938,1069.2408447265623,924.3873291015624,1052.5784912109377,1054.7646484375,900.5947875976562,270.62033081054693,917.6190185546876,967.6389770507812,1027.2669677734377,946.3084106445312,974.6964721679688,857.1853637695312,854.0471801757812,974.3706665039062,851.06884765625,875.1552124023438,970.481689453125,409.9766540527344,911.466064453125,911.8786010742188,944.1009521484376,901.1318969726562,973.5701904296876,728.3527221679688,822.9928588867188,911.5045166015624,835.306640625,602.9896850585938,907.9537353515624,347.3929138183594,498.0730895996094,989.1605834960938,962.6311645507812,961.4072265625,991.338623046875,261.81619262695307,870.00244140625,922.2864990234376,678.4525146484375,941.3042602539062,912.608642578125,861.7133178710938,900.7385864257812,1064.0948486328123,833.4248657226562,898.9109497070312,806.9515991210938,757.9417114257812,1028.60546875,1042.21923828125,1060.3638916015623,648.90087890625,958.4796752929688,914.5899658203124,909.9075927734376,858.6854858398438,1020.4248657226562,898.736328125,886.7100219726562,1038.599853515625,1025.3890380859377,880.370361328125,961.9717407226562,970.4208374023438,902.7254028320312
59.22151184082031,289.4762268066406,67.45005035400389,98.31676483154295,56.44003295898438,581.36279296875,847.6453247070312,567.5776977539062,947.8276977539062,66.86240386962889,784.48291015625,1004.499267578125,936.458251953125,925.6739501953124,808.0242309570312,869.5477905273438,389.71759033203125,899.4555053710938,860.1905517578125,31.96066093444824,859.7808227539062,927.2775268554688,47.8628158569336,36.85954666137695,902.7462768554688,813.6965942382812,959.87109375,929.0114135742188,925.716796875,908.3742065429688,924.54833984375,822.5945434570312,899.8099365234375,494.5474853515625,905.559814453125,879.1105346679688,871.3216552734375,979.399169921875,857.2776489257812,950.9337768554688,1059.7821044921877,927.2559814453124,1051.5782470703123,1053.7608642578123,900.1508178710938,273.045654296875,916.9537353515624,966.9415893554688,1025.611572265625,947.1971435546876,973.4915771484376,855.6560668945312,853.1080932617188,972.9732666015624,850.5037841796875,874.124267578125,972.42626953125,412.2290344238281,910.8477783203124,909.91455078125,947.1461791992188,902.2326049804688,968.0479125976562,733.6328735351562,823.3015747070312,912.5360717773438,833.1808471679688,608.713623046875,910.2918701171876,349.18072509765625,504.0202026367188,990.7889404296876,959.7449340820312,960.161865234375,992.9349365234376,262.21176147460943,870.5263061523438,922.2809448242188,683.1181030273438,950.4996948242188,911.130859375,861.97412109375,904.9509887695312,1063.1746826171877,835.9133911132812,904.0838623046876,808.75634765625,758.890869140625,1032.16748046875,1043.337890625,1062.1527099609377,651.1310424804688,963.3545532226562,919.7612915039062,910.9612426757812,859.017822265625,1013.853515625,901.9113159179688,889.852294921875,1039.7840576171877,1029.0335693359377,883.8309936523438,970.8816528320312,977.49951171875,910.3464965820312
60.30889511108398,285.6612548828125,68.48613739013672,98.55621337890624,56.50260925292969,578.1864624023438,849.0574951171875,566.32470703125,945.7364501953124,66.6143798828125,784.1360473632812,1004.3497314453124,948.20849609375,925.3790893554688,807.5072021484375,869.0900268554688,390.6397399902344,901.0274658203124,860.9221801757812,32.074901580810554,858.2015380859375,928.4515991210938,48.43296432495117,36.4256477355957,899.4586791992188,816.886474609375,958.6693115234376,930.7824096679688,925.3306884765624,910.5327758789062,924.8390502929688,816.83447265625,899.1832885742188,493.6711120605469,903.4255981445312,881.3048706054688,869.336669921875,981.2408447265624,858.4981079101562,952.28125,1078.685546875,925.098876953125,1052.8531494140623,1053.9971923828123,903.974365234375,271.0184936523437,915.6304931640624,968.27783203125,1031.0699462890623,947.94677734375,973.4481811523438,856.3995971679688,851.2184448242188,972.9864501953124,849.2562255859375,875.1162719726562,972.7855834960938,410.8568115234375,910.88134765625,908.852294921875,944.1925659179688,904.1920166015624,968.06884765625,733.373291015625,821.58203125,911.0451049804688,834.3775024414062,607.6322631835938,911.2579345703124,347.2279968261719,502.7914123535156,992.346435546875,959.3109741210938,959.253662109375,993.5457153320312,262.60397338867193,873.7286987304688,922.0341186523438,684.0245361328125,948.4884643554688,909.0992431640624,860.653076171875,901.8665771484376,1064.269775390625,835.8494262695312,899.4086303710938,812.9275512695312,758.450439453125,1031.1942138671877,1041.6351318359377,1060.28662109375,652.2706298828125,966.1717529296876,922.4122314453124,909.0818481445312,859.0650634765625,1016.711669921875,899.2213134765625,891.53125,1034.380126953125,1027.0819091796877,889.8491821289062,965.7861938476562,976.1475219726562,909.71630859375
60.60668182373047,294.7048034667969,66.78652954101561,98.15829467773438,55.4062385559082,586.58935546875,848.1337890625,570.252197265625,944.6156616210938,66.90989685058594,787.42138671875,1004.3296508789062,936.989501953125,927.0997314453124,806.694580078125,869.6055908203125,386.2088928222656,898.08056640625,860.5955810546875,31.27327919006348,861.5901489257812,926.8121948242188,47.68191909790039,37.50215911865234,899.5444946289062,815.2775268554688,955.4212646484376,927.6737060546876,925.2079467773438,907.2396240234376,924.6829833984376,821.7406616210938,898.8692626953125,487.54296875,905.0067749023438,876.6107177734375,872.2364501953125,975.66357421875,856.3963012695312,948.5955200195312,1061.559326171875,924.3159790039062,1054.5386962890623,1053.849853515625,898.7564697265625,269.5662841796875,919.7135009765624,971.948486328125,1026.3636474609377,946.876953125,976.0054321289062,854.4564819335938,855.3276977539062,968.9678344726562,847.7023315429688,875.9750366210938,970.7008666992188,410.2586669921875,910.8363647460938,908.8910522460938,944.15185546875,901.921142578125,968.54833984375,732.8291625976562,822.2954711914062,909.6858520507812,833.781982421875,608.027587890625,906.49609375,350.4704284667969,503.5506286621094,989.46142578125,961.06201171875,961.911376953125,990.845703125,261.17349243164057,867.5479125976562,921.2205200195312,677.6309814453125,942.3793334960938,912.8092651367188,863.24853515625,902.05908203125,1065.0706787109377,834.986328125,901.4170532226562,807.655517578125,758.16845703125,1028.9224853515623,1042.4942626953123,1059.7012939453123,650.5345458984375,962.4274291992188,913.7777709960938,910.0276489257812,858.3364868164062,1016.0897216796876,902.6207885742188,885.4283447265625,1039.6268310546877,1024.1104736328123,880.7199096679688,966.7030029296876,974.3617553710938,907.2017822265624
58.09384155273438,288.3614196777344,66.93733978271484,98.60665130615234,57.686767578125,583.1456909179688,849.5037841796875,570.2850341796875,940.7581176757812,67.35597229003906,787.2958374023438,1007.61865234375,935.193359375,926.5084228515624,806.4056396484375,869.2733154296875,389.3993225097656,899.2334594726562,862.3225708007812,31.33855628967285,862.1482543945312,926.4304809570312,48.23396301269531,38.12190246582031,901.3533935546876,814.1577758789062,957.6716918945312,929.9891967773438,924.6798706054688,907.8013916015624,926.8292846679688,819.9334106445312,899.7925415039062,495.8064880371094,905.8424072265624,879.1678466796875,870.4453125,977.5560302734376,857.0946044921875,950.233642578125,1070.0594482421877,924.3914184570312,1046.0472412109377,1053.3131103515623,899.6892700195312,270.73641967773443,919.917236328125,961.2443237304688,1026.3284912109377,944.816162109375,975.8912353515624,857.0316162109375,853.08251953125,976.354248046875,846.6458129882812,871.9752197265625,969.1781616210938,411.69244384765625,909.9842529296876,913.6466064453124,951.3661499023438,899.7380981445312,968.192138671875,729.5261840820312,823.6574096679688,911.4992065429688,834.8780517578125,604.8277587890625,906.947998046875,349.5964660644531,502.13702392578125,993.7944946289062,959.4523315429688,968.501708984375,991.50634765625,262.63809204101557,873.98291015625,922.20458984375,676.7755737304688,952.5021362304688,915.9370727539062,862.0258178710938,904.4382934570312,1065.6025390625,835.2384643554688,902.4058227539062,811.0201416015625,758.4769287109375,1032.1756591796877,1042.6268310546877,1063.17138671875,650.669921875,966.8973999023438,923.0369873046876,913.2515258789062,859.7427978515625,1015.9131469726562,903.0576782226562,890.5716552734375,1041.719482421875,1027.1978759765623,882.2859497070312,973.22705078125,975.381591796875,909.4063720703124
60.67551040649414,286.6574401855469,66.99978637695311,100.03754425048828,55.8818359375,577.301513671875,846.8924560546875,573.9736938476562,942.5302124023438,66.07231903076172,788.9292602539062,1008.09765625,923.692626953125,934.73779296875,804.671142578125,870.2827758789062,391.6799011230469,901.99462890625,863.7797241210938,31.643198013305664,861.5578002929688,925.5265502929688,48.73922348022461,35.77105712890625,906.0148315429688,814.2399291992188,960.64599609375,932.4822387695312,925.7283325195312,907.1948852539062,928.2111206054688,824.2425537109375,900.7432250976562,498.02569580078125,906.0588989257812,877.8006591796875,876.001220703125,980.322998046875,856.5433959960938,954.1351928710938,1063.3358154296877,928.5189208984376,1049.06396484375,1054.2183837890623,895.6925659179688,269.08633422851557,917.5814208984376,967.2957153320312,1026.35595703125,948.755859375,973.8966064453124,852.2432861328125,851.3411865234375,976.9340209960938,848.8817138671875,874.3435668945312,971.1971435546876,412.53717041015625,909.6482543945312,910.927734375,944.9576416015624,903.6193237304688,971.3756103515624,730.0341796875,821.25048828125,910.8826904296876,833.880859375,601.4295654296875,907.0486450195312,347.584716796875,499.9197692871094,987.3864135742188,962.7252197265624,954.4871826171876,989.2326049804688,261.72860717773443,868.9456176757812,919.80224609375,675.9292602539062,944.8049926757812,908.6455688476562,859.7372436523438,901.5062866210938,1059.6427001953123,832.139404296875,901.0831909179688,808.2636108398438,758.4671630859375,1028.44775390625,1041.7281494140623,1060.0697021484377,647.1417846679688,956.9201049804688,916.37890625,910.4287719726562,856.5589599609375,1014.6408081054688,897.829345703125,887.5731811523438,1039.0908203125,1025.14794921875,882.182861328125,965.8445434570312,973.7880249023438,906.321044921875
60.19738006591797,288.97528076171875,66.17011260986328,98.5753402709961,56.99846267700195,580.21826171875,847.2769165039062,571.7916259765625,940.0628051757812,66.28623962402344,789.9338989257812,1008.0416259765624,924.65771484375,931.5713500976562,803.9442138671875,870.0369873046875,387.151123046875,900.5927124023438,861.18798828125,32.78720474243164,860.0515747070312,924.3216552734376,48.2652702331543,37.43180847167969,903.363037109375,816.4917602539062,957.1466064453124,931.7140502929688,924.10791015625,905.8451538085938,925.3104248046876,823.5668334960938,898.8524780273438,494.91339111328125,907.6663208007812,880.4876708984375,876.3180541992188,977.6194458007812,858.9345703125,951.0079345703124,1061.9974365234377,926.7072143554688,1052.8779296875,1054.2607421875,896.3383178710938,271.84432983398443,915.31103515625,968.5775146484376,1029.6995849609377,949.5936279296876,974.7601928710938,852.4613037109375,853.31396484375,971.7852783203124,852.2840576171875,874.8335571289062,971.8560791015624,411.5774230957031,909.135498046875,910.872314453125,943.0706176757812,903.9627075195312,972.2758178710938,732.5148315429688,822.961181640625,913.0914916992188,836.249755859375,606.0856323242188,908.0913696289062,347.9054870605469,501.6328125,985.743408203125,962.3949584960938,961.6508178710938,988.4012451171876,264.16494750976557,864.2623291015625,921.00048828125,676.4557495117188,942.9796752929688,908.9352416992188,861.7202758789062,900.0650634765625,1061.8812255859377,831.4034423828125,899.4901123046875,808.3153686523438,757.6787719726562,1029.89208984375,1039.3216552734377,1059.6156005859377,646.474609375,953.1754760742188,911.64501953125,911.76904296875,856.428955078125,1019.366455078125,896.77783203125,887.0568237304688,1042.6265869140623,1025.861572265625,877.9959106445312,961.8598022460938,970.8028564453124,905.0043334960938
60.634925842285156,281.039794921875,65.735107421875,98.7427215576172,55.4158821105957,577.9097900390625,848.2453002929688,569.0885620117188,939.09228515625,66.32521820068361,785.7823486328125,1006.7957153320312,938.7431030273438,931.9931030273438,804.9246215820312,867.4786987304688,386.3896179199219,900.78662109375,862.6243896484375,31.67299652099609,861.7052001953125,924.2564697265624,47.4318962097168,36.7580451965332,899.9478759765625,816.1558837890625,955.40478515625,932.0545654296876,925.6687622070312,908.6033935546876,927.85400390625,818.697998046875,898.8674926757812,488.2824401855469,903.475830078125,875.210205078125,872.231689453125,976.7163696289062,857.2109375,949.6613159179688,1060.6585693359377,921.911376953125,1049.9423828125,1052.6279296875,897.018798828125,268.7803955078125,916.526123046875,960.3697509765624,1022.654296875,944.8181762695312,972.8131103515624,852.0665893554688,853.3617553710938,972.860595703125,846.6585693359375,874.93408203125,966.9993896484376,409.9951477050781,912.11572265625,910.28857421875,944.18505859375,900.6300659179688,975.05078125,728.197021484375,821.5134887695312,909.7578125,834.5830688476562,601.9815673828125,908.1539916992188,348.3238525390625,497.4410095214844,985.2841186523438,957.9591064453124,959.832763671875,989.677001953125,263.38442993164057,864.2501220703125,919.7440185546876,676.166259765625,938.56005859375,911.082275390625,861.5006713867188,902.735107421875,1057.7581787109377,832.8067016601562,900.14599609375,806.1588134765625,757.444091796875,1026.6683349609377,1038.820068359375,1056.83447265625,647.8793334960938,953.1986083984376,911.6287841796876,908.703857421875,856.180908203125,1013.1993408203124,894.3037719726562,885.91455078125,1033.8056640625,1022.6460571289062,878.8536987304688,961.9841918945312,971.572998046875,902.8927612304688
60.19926834106445,291.1493225097656,67.53965759277344,100.50240325927734,56.93645095825195,587.4320068359375,848.9744873046875,574.8187866210938,942.0203857421876,66.77081298828125,784.4032592773438,1002.47216796875,947.48193359375,928.6871948242188,803.1113891601562,868.8853759765625,391.1705322265625,901.5049438476562,861.898193359375,31.632667541503906,859.794189453125,922.440673828125,48.50838088989258,36.827823638916016,901.8134155273438,816.9124755859375,952.1520385742188,925.966064453125,924.2908325195312,907.4020385742188,924.2699584960938,822.4181518554688,898.1113891601562,484.9286193847656,906.8958740234376,874.5773315429688,872.7228393554688,982.028564453125,858.2149047851562,954.9865112304688,1055.5765380859377,928.6107177734376,1053.504150390625,1057.476318359375,902.790283203125,272.05865478515625,915.9839477539062,971.530029296875,1027.9788818359377,948.7645874023438,975.4861450195312,861.517578125,853.7451171875,977.0353393554688,854.1676025390625,874.6546020507812,973.0557250976562,410.9783935546875,915.5302124023438,911.8732299804688,948.2291259765624,901.8392333984376,971.1758422851562,729.20361328125,822.8937377929688,912.6096801757812,835.1436767578125,603.8203735351562,908.6998291015624,349.45440673828125,498.3023376464844,991.4111938476562,964.4334106445312,963.0958251953124,994.8006591796876,260.37557983398443,876.200439453125,923.08984375,679.9823608398438,942.9697875976562,912.445556640625,861.1151123046875,900.3143310546875,1068.5772705078123,835.9446411132812,901.368408203125,803.9014282226562,756.8365478515625,1033.9945068359377,1042.17724609375,1063.9215087890623,646.6688232421875,955.7064208984376,912.7244873046876,910.0282592773438,860.0878295898438,1021.3136596679688,903.403564453125,888.387451171875,1043.9166259765623,1032.2205810546877,882.5007934570312,965.4418334960938,970.1338500976562,904.4125366210938
59.83562850952149,296.2151184082031,67.86683654785156,99.1435546875,56.1214714050293,586.9882202148438,847.0657958984375,572.4898681640625,949.6453247070312,67.21395111083984,788.2633056640625,1005.1541137695312,928.1320190429688,927.9627075195312,805.1869506835938,871.6421508789062,388.4056396484375,899.186279296875,858.9496459960938,30.84333610534668,860.54443359375,928.913330078125,48.59933090209961,37.42679214477539,903.326904296875,814.4290771484375,958.5465698242188,928.3394165039062,928.338623046875,908.1909790039062,925.5347290039062,823.3812866210938,899.58056640625,495.7595520019531,905.9046020507812,874.9755859375,871.5379028320312,982.5860595703124,857.0546264648438,952.44775390625,1064.560302734375,929.4757690429688,1056.8375244140623,1056.7587890625,903.31787109375,272.46017456054693,917.8984375,972.80419921875,1030.2186279296877,947.7308959960938,976.3380126953124,855.9090576171875,855.7025146484375,972.2758178710938,850.0242309570312,876.4788818359375,972.783935546875,410.4732971191406,910.5399780273438,910.1531372070312,946.3887939453124,900.3536987304688,966.48046875,734.5833129882812,824.00341796875,911.8024291992188,833.5194702148438,604.1654052734375,910.4610595703124,349.1564025878906,504.23077392578125,990.66845703125,960.7625122070312,959.8973388671876,990.6755981445312,262.01962280273443,872.1456909179688,922.2232666015624,682.4140625,948.7431030273438,915.16015625,864.3270874023438,904.528564453125,1069.2181396484377,831.0248413085938,900.721435546875,803.2037963867188,757.7056884765625,1030.40869140625,1042.2908935546877,1060.562255859375,651.3070678710938,963.8825073242188,918.0269165039062,910.3533325195312,859.6614379882812,1021.9998779296876,902.6490478515624,887.737060546875,1044.165771484375,1027.7781982421877,878.5088500976562,964.9425659179688,973.419189453125,906.2151489257812
59.01852798461914,293.0758972167969,67.89007568359375,96.24526977539062,56.7993278503418,582.5386962890625,851.1683349609375,568.7797241210938,956.1589965820312,68.06647491455078,787.74853515625,1006.9463500976562,939.0870971679688,927.2898559570312,809.6511840820312,870.9215698242188,389.8677978515625,900.5797729492188,859.9141845703125,31.42013359069824,857.2758178710938,930.5847778320312,48.72558975219727,36.848331451416016,903.8357543945312,814.5572509765625,962.2531127929688,928.4683227539062,925.870361328125,909.542236328125,925.7244262695312,821.6300659179688,899.5471801757812,500.8901672363281,899.119140625,873.5697021484375,872.6036376953125,978.4118041992188,856.3357543945312,950.301513671875,1073.5531005859377,925.8944091796876,1051.8203125,1055.2197265625,904.9005737304688,271.26278686523443,914.2453002929688,968.143310546875,1029.1409912109377,945.996826171875,973.2677612304688,855.80029296875,853.5491333007812,972.84130859375,846.2904052734375,872.3595581054688,971.7756958007812,412.14208984375,913.3138427734376,911.2947387695312,950.25146484375,902.3209228515624,965.8853759765624,737.3156127929688,823.446044921875,911.1392822265624,833.4153442382812,607.3471069335938,910.9066772460938,349.6322326660156,505.55010986328125,992.0643310546876,958.9209594726562,960.7569580078124,994.4493408203124,260.61294555664057,875.41845703125,923.3890991210938,682.2548217773438,950.6895751953124,913.0369873046876,861.1432495117188,903.7357788085938,1065.1094970703123,837.898681640625,900.6568603515625,806.9933471679688,756.195068359375,1034.3487548828123,1037.400634765625,1062.00927734375,651.5201416015625,966.3999633789062,921.5640258789062,913.1959228515624,861.63232421875,1023.1603393554688,900.403564453125,888.7733154296875,1043.45703125,1029.4984130859377,884.3294677734375,970.4734497070312,974.4356689453124,907.6744384765624
60.04055786132813,288.0751037597656,66.87883758544922,100.47437286376952,56.20180130004883,590.5044555664062,851.5096435546875,569.5863647460938,952.3388061523438,68.79945373535156,786.1204833984375,1002.9032592773438,958.9794311523438,933.5336303710938,807.5655517578125,873.3204956054688,395.1371154785156,898.114013671875,862.914794921875,31.41283226013184,859.8757934570312,930.1838989257812,48.15950012207031,37.853675842285156,898.87353515625,812.427978515625,958.4830322265624,930.086669921875,931.5421142578124,911.8316040039062,925.6072998046876,821.7797241210938,900.2412719726562,497.4974365234375,899.61572265625,874.9263916015625,875.3213500976562,976.4450073242188,855.9689331054688,948.3191528320312,1067.478759765625,924.4044799804688,1051.616943359375,1052.7021484375,905.6163940429688,272.582763671875,919.7025146484376,963.3348999023438,1023.8419189453124,945.9420166015624,972.854248046875,861.247802734375,853.0045776367188,977.85888671875,847.1116333007812,872.4080200195312,972.2088623046876,409.8532104492188,906.142578125,911.2261352539062,954.16015625,902.1500854492188,966.2236938476562,730.1025390625,823.34765625,910.9397583007812,832.3599243164062,608.1998901367188,906.0537719726562,346.74114990234375,501.4765625,995.8028564453124,957.7321166992188,959.1689453125,994.0883178710938,254.6977844238281,880.6814575195312,923.7249145507812,682.5279541015625,948.959716796875,913.353515625,860.6975708007812,904.5545043945312,1062.4091796875,834.253173828125,899.97412109375,810.1793212890625,755.6578369140625,1028.9439697265623,1044.0609130859377,1061.0947265625,650.2932739257812,970.903564453125,919.3707885742188,908.8170166015624,860.6821899414062,1012.9152221679688,900.0421752929688,889.8494873046875,1038.482177734375,1025.6416015625,889.7941284179688,968.9844970703124,974.27099609375,906.1170654296876
59.4028205871582,279.0234375,66.96298980712889,98.32859802246094,56.91334915161133,581.8707275390625,849.8807983398438,565.2774658203125,948.7498168945312,66.2056884765625,787.6234741210938,1005.16064453125,954.6879272460938,929.60400390625,806.8648071289062,870.7391967773438,388.7042236328125,901.3631591796876,862.0701904296875,31.406347274780273,859.8508911132812,928.1392822265624,48.17205810546875,36.60021209716797,901.0416259765624,815.510498046875,955.839111328125,930.85888671875,929.8207397460938,912.3321533203124,925.9986572265624,817.1170043945312,900.367919921875,499.4098510742188,902.8722534179688,876.8452758789062,876.4431762695312,977.8267822265624,855.9739990234375,948.6618041992188,1065.02001953125,923.1135864257812,1050.9012451171877,1054.357177734375,896.8589477539062,267.83438110351557,916.5431518554688,961.7908325195312,1025.597412109375,945.0469970703124,973.6619262695312,851.8092041015625,850.2393188476562,971.9463500976562,848.9525756835938,874.0205688476562,969.309814453125,411.1255798339844,911.8416137695312,909.703857421875,943.489501953125,901.69677734375,966.3425903320312,728.9951171875,819.4794921875,909.8263549804688,833.6867065429688,607.25341796875,907.4978637695312,346.94964599609375,501.8162536621094,992.4361572265624,957.908203125,967.4934692382812,993.4871215820312,263.78067016601557,873.4092407226562,921.166748046875,677.8638916015625,943.7974853515624,913.3363647460938,860.8541870117188,902.2892456054688,1065.145263671875,830.5593872070312,897.9169311523438,809.0105590820312,758.5458984375,1029.704833984375,1040.6025390625,1056.806396484375,651.2741088867188,969.4951782226562,919.3165283203124,909.6005249023438,858.7501831054688,1015.4625854492188,896.4450073242188,889.1275634765625,1036.7496337890623,1024.795654296875,886.778076171875,966.74853515625,972.3958740234376,903.4601440429688
59.8512077331543,290.2711181640625,67.10488891601561,98.3636703491211,56.35805892944336,586.6640625,850.9578247070312,571.0235595703125,940.611328125,67.19882202148439,788.2911376953125,1004.45751953125,946.4418334960938,932.139892578125,805.2447509765625,868.7410278320312,389.6732177734375,899.5142822265625,862.7669677734375,30.74842643737793,859.7118530273438,926.5194091796876,48.57703018188477,37.03721618652344,900.6078491210938,814.9978637695312,955.59033203125,928.408203125,929.01416015625,911.5748291015624,926.2273559570312,819.4324340820312,899.1387939453125,494.1729431152344,903.5524291992188,879.3555908203125,873.0084228515625,978.4893188476562,857.1672973632812,951.5789184570312,1057.908203125,925.6179809570312,1048.2799072265623,1053.17822265625,902.1296997070312,270.9775390625,916.79296875,964.6989135742188,1026.710693359375,947.5899658203124,974.7902221679688,854.59228515625,852.0982666015625,973.7457885742188,849.1708984375,872.6434936523438,971.8931884765624,411.0509338378906,912.1454467773438,911.569580078125,947.8562622070312,901.5441284179688,969.877685546875,731.0792846679688,825.2803344726562,910.7755737304688,833.3809204101562,604.605224609375,906.485107421875,348.1048889160156,502.0151672363281,993.0618896484376,960.253173828125,961.2324829101562,990.7390747070312,261.125244140625,873.1565551757812,923.44970703125,679.600830078125,943.6879272460938,911.6431274414062,860.8729858398438,901.979248046875,1063.9708251953123,833.5027465820312,898.993408203125,808.2149658203125,757.3167724609375,1029.4815673828123,1039.67822265625,1061.5078125,650.4759521484375,966.218017578125,916.7113647460938,910.2623291015624,858.0618896484375,1017.6007690429688,900.110595703125,888.3125,1039.0037841796877,1026.6256103515623,885.7256469726562,964.8280029296876,973.4764404296876,905.8869018554688
60.46869277954102,289.2478332519531,66.71174621582031,100.0820770263672,56.8573112487793,585.8591918945312,848.5439453125,568.4599609375,950.3434448242188,66.12174987792969,786.3543090820312,1003.1890258789062,947.520263671875,926.6316528320312,808.8199462890625,869.970703125,392.3511657714844,899.6135864257812,862.4972534179688,31.515926361083984,861.8458862304688,927.0166625976562,48.96342849731445,37.36986541748047,900.203125,813.5756225585938,955.6685791015624,927.4923095703124,928.7845458984376,912.2488403320312,925.3414916992188,821.29833984375,899.400390625,491.7430114746094,905.1966552734376,876.9688720703125,869.564453125,980.0186157226562,857.0885620117188,951.5787353515624,1074.87158203125,927.1602783203124,1051.566650390625,1055.02197265625,902.8068237304688,273.22830200195307,918.9813842773438,967.6715698242188,1025.4464111328123,946.3175659179688,972.884765625,859.7319946289062,853.90380859375,973.5972290039062,851.996826171875,876.202392578125,972.3355102539062,411.3095703125,910.2247924804688,911.2276000976562,943.5027465820312,901.83984375,971.9869384765624,729.197998046875,825.6767578125,912.4210815429688,833.2576293945312,607.9287109375,909.6779174804688,347.8521423339844,499.715576171875,991.3478393554688,960.039794921875,963.573486328125,993.7704467773438,263.34640502929693,870.1051635742188,923.1478271484376,684.3375854492188,945.9866333007812,913.8821411132812,861.1474609375,904.7559814453124,1066.0133056640623,834.4837036132812,901.18896484375,808.13330078125,757.0626220703125,1030.7425537109377,1044.272705078125,1060.49267578125,653.8655395507812,969.1027221679688,918.8660278320312,910.0650634765624,859.4667358398438,1017.2249145507812,899.3771362304688,888.5318603515625,1039.6221923828123,1026.662353515625,883.19873046875,969.7776489257812,976.9534301757812,908.5173950195312
61.0026741027832,287.0893859863281,67.22810363769531,96.13038635253906,56.3492546081543,582.8646240234375,850.3726196289062,562.9879760742188,942.37548828125,66.90445709228516,783.6838989257812,1007.219482421875,943.7767333984376,927.606201171875,807.497802734375,865.4194946289062,385.9161071777344,899.7098999023438,861.6746826171875,31.41501617431641,860.3619384765625,924.6934814453124,47.53438949584961,37.81611251831055,903.8829956054688,815.3135986328125,958.9453735351562,932.033935546875,924.4396362304688,910.1756591796876,926.6763916015624,820.6258544921875,898.1324462890625,492.0057678222656,906.8973999023438,880.04443359375,872.0725708007812,977.3999633789062,857.6358642578125,952.5987548828124,1060.616943359375,927.380859375,1049.650634765625,1054.3856201171877,903.1236572265624,272.91748046875,914.7366333007812,970.6410522460938,1027.059814453125,947.005126953125,973.3826293945312,860.8746948242188,853.2784423828125,978.3458862304688,851.2034301757812,872.3734741210938,971.1765747070312,411.5353393554688,910.3075561523438,912.296875,945.7471313476562,901.7305297851562,968.0568237304688,734.8861083984375,826.371337890625,913.9443969726562,834.0472412109375,606.8943481445312,908.9956665039062,350.50762939453125,503.9376525878906,991.0572509765624,963.7442626953124,957.000244140625,992.4576416015624,262.36276245117193,871.4466552734375,922.2109375,684.4411010742188,950.145751953125,909.2120361328124,861.8434448242188,901.2267456054688,1062.849609375,835.133544921875,901.8670043945312,807.2068481445312,759.15283203125,1031.864501953125,1041.863525390625,1062.97607421875,650.0509033203125,959.19970703125,918.8228759765624,912.362060546875,860.229736328125,1015.91357421875,903.8956909179688,888.696533203125,1035.4176025390623,1028.0333251953123,881.3829345703125,971.0421752929688,977.42236328125,909.10986328125
59.274986267089844,285.22625732421875,66.26352691650389,97.2457504272461,57.00722122192383,576.0949096679688,846.885986328125,567.48388671875,949.9586791992188,66.45674133300781,786.9022216796875,1009.98876953125,920.8367309570312,925.869873046875,808.4550170898438,870.6873779296875,386.5889587402344,901.4569091796876,860.8493041992188,32.624195098876946,862.7424926757812,926.6006469726562,47.923545837402344,36.90545272827149,904.2359008789062,814.9404907226562,963.634033203125,933.1299438476562,921.0518188476562,905.0863647460938,927.1424560546876,824.1620483398438,899.8641967773438,501.0084228515625,907.2118530273438,874.569580078125,874.411376953125,978.2977905273438,857.7627563476562,950.2992553710938,1070.265869140625,926.37939453125,1055.573974609375,1056.5616455078123,891.2728271484375,270.65875244140625,916.762451171875,968.6121215820312,1027.2322998046877,945.4454956054688,973.4743041992188,854.42626953125,853.64013671875,974.0569458007812,849.1511840820312,876.1094970703125,967.15966796875,410.8397216796875,910.02880859375,909.297607421875,945.4672241210938,902.0562133789062,966.6739501953124,734.7460327148438,820.2303466796875,911.7483520507812,835.4734497070312,606.4917602539062,911.5916137695312,348.039306640625,502.5284118652344,985.1408081054688,959.221435546875,963.0269775390624,990.96923828125,263.57391357421875,866.9044189453125,918.201171875,677.8358764648438,950.5462646484376,910.687255859375,862.9979858398438,904.6306762695312,1061.8846435546877,833.2902221679688,905.1675415039062,808.3986206054688,758.4830322265625,1032.1175537109377,1041.1959228515623,1059.4346923828123,649.7989501953125,952.8228759765624,919.528076171875,912.2744750976562,859.2588500976562,1018.576904296875,900.6062622070312,887.8103637695312,1041.791259765625,1028.238525390625,877.5985717773438,970.1267700195312,975.0457153320312,907.5153198242188
59.8154182434082,283.9638977050781,67.93604278564453,98.85528564453124,56.43205642700195,576.50537109375,844.704833984375,563.4052124023438,946.464111328125,66.57821655273439,781.5228271484375,1001.212158203125,932.9630126953124,920.6571655273438,807.2853393554688,865.9762573242188,389.2658386230469,899.9514770507812,859.8566284179688,31.444040298461914,860.8446655273438,925.592529296875,48.18023681640625,37.19871520996094,902.5479125976562,815.4220581054688,959.34228515625,929.1609497070312,923.0427856445312,906.9534301757812,923.1256103515624,823.32275390625,899.4254760742188,490.5785827636719,905.124267578125,876.0437622070312,865.0150146484375,980.9954223632812,857.539306640625,954.4193115234376,1068.5377197265623,927.501220703125,1051.8114013671877,1055.7833251953123,906.5353393554688,269.95135498046875,918.3983154296876,974.028564453125,1029.57666015625,951.06494140625,974.817138671875,856.0139770507812,851.3416137695312,973.212890625,847.7369995117188,876.7918090820312,973.1818237304688,411.954345703125,909.41943359375,910.6541137695312,947.7069091796876,903.8461303710938,968.8129272460938,731.0877075195312,823.75634765625,908.7083740234376,834.741455078125,604.8192138671875,908.4295043945312,349.3785400390625,499.2677307128906,990.4207153320312,960.0017700195312,957.6841430664062,992.28173828125,263.09268188476557,868.967529296875,918.8195190429688,683.6060791015625,949.87255859375,910.291748046875,862.8670654296875,904.6902465820312,1061.3011474609377,837.3392944335938,899.662109375,806.6541137695312,759.1318969726562,1033.219482421875,1038.1363525390623,1059.0926513671877,652.2562255859375,962.52099609375,919.583251953125,911.4965209960938,859.6576538085938,1016.417236328125,904.5252685546876,891.1980590820312,1035.3487548828123,1022.5286865234376,883.2224731445312,969.538330078125,976.9703979492188,910.14599609375
59.742881774902344,288.2698974609375,67.05155944824219,97.83195495605469,55.75747299194336,576.99462890625,847.2327270507812,569.3456420898438,947.3868408203124,67.00738525390625,784.4506225585938,1001.6871948242188,937.671875,928.9254760742188,808.3365478515625,866.5407104492188,392.088134765625,900.09033203125,861.3988647460938,31.787532806396484,860.0775146484375,925.3435668945312,48.61865997314453,37.61824417114258,907.6676635742188,814.7726440429688,957.6912841796876,932.1119384765624,926.63916015625,908.2662353515624,924.959716796875,826.7473754882812,904.087158203125,494.0094604492188,904.4140625,879.8972778320312,871.596435546875,978.908935546875,857.4765625,948.8321533203124,1044.8182373046877,925.7866821289062,1053.6077880859377,1052.74462890625,891.2423095703125,273.04641723632807,917.7374877929688,967.2338256835938,1027.0130615234377,949.0818481445312,976.0889892578124,851.2781982421875,853.5831909179688,969.0919189453124,845.9773559570312,877.24365234375,974.97216796875,411.545166015625,913.5615844726562,910.3440551757812,945.8447875976562,904.5665283203124,970.3670043945312,731.0358276367188,819.9181518554688,910.419189453125,833.2144165039062,601.27001953125,908.8104248046876,349.3213806152344,502.0284118652344,993.5653686523438,959.6730346679688,956.002197265625,992.9904174804688,261.11825561523443,871.1980590820312,922.9450073242188,677.62841796875,945.3318481445312,909.80908203125,860.7836303710938,901.4226684570312,1063.261962890625,835.878173828125,899.1138916015625,810.6788940429688,763.5476684570312,1030.8323974609377,1045.1077880859377,1062.7110595703123,647.572998046875,962.0787353515624,919.8832397460938,908.2974853515624,856.7305297851562,1013.10009765625,898.9290771484375,888.091796875,1036.8087158203123,1025.65087890625,884.6531372070312,962.4830322265624,973.4038696289062,906.7889404296876
60.43644714355469,292.4836120605469,68.66641235351561,98.7195281982422,56.62920761108398,585.0694580078125,850.1989135742188,574.9463500976562,948.6976928710938,67.47979736328125,786.8761596679688,1006.986328125,945.5916748046876,924.7923583984376,807.3840942382812,870.8637084960938,389.14593505859375,900.1687622070312,859.3646240234375,32.671676635742195,859.7260131835938,926.5335083007812,48.34487533569336,35.7278938293457,903.630126953125,814.0946044921875,957.3043823242188,928.1063842773438,925.753173828125,907.200439453125,925.4776611328124,824.1377563476562,900.719970703125,498.28936767578125,907.7355346679688,880.7935791015625,876.1824340820312,978.9131469726562,856.2772827148438,950.468017578125,1081.3480224609377,926.864501953125,1046.8316650390623,1050.3765869140623,901.9376831054688,274.0189819335937,915.1048583984376,963.5812377929688,1027.769775390625,944.3252563476562,975.4728393554688,859.5852661132812,854.1845092773438,969.5142822265624,850.6119384765625,873.583984375,971.1345825195312,411.89739990234375,910.26025390625,908.6634521484376,945.7943115234376,901.7527465820312,965.168701171875,735.1961059570312,825.10888671875,914.8431396484376,834.347900390625,609.0526123046875,907.5274658203124,352.0186767578125,506.433837890625,991.8919677734376,961.295654296875,965.0028076171876,991.41845703125,262.26968383789057,872.6130981445312,922.8419189453124,677.3413696289062,948.645751953125,914.096435546875,861.3090209960938,904.8220825195312,1066.7230224609377,837.442626953125,905.020263671875,810.3004150390625,757.1300659179688,1032.58740234375,1044.8441162109377,1065.5582275390623,653.4400634765625,967.7261352539062,917.3394165039062,910.9315185546876,860.827880859375,1015.7927856445312,904.5740966796876,888.2451782226562,1042.35693359375,1031.9725341796877,883.9263916015625,973.0599975585938,978.8731689453124,915.4595947265624
60.15678405761719,293.74066162109375,66.42536926269531,99.95089721679688,56.94644165039063,588.5736694335938,853.51171875,575.7577514648438,953.8572998046876,67.00883483886719,791.8491821289062,1007.6787719726562,938.5065307617188,930.7183227539062,807.4122924804688,875.5940551757812,395.12188720703125,899.593505859375,862.3988647460938,30.70327568054199,861.9190063476562,932.1861572265624,49.22718048095703,39.10456466674805,898.921142578125,814.2883911132812,958.2214965820312,926.08056640625,932.0151977539062,908.4493408203124,926.7849731445312,820.3858032226562,899.7335815429688,496.080810546875,899.2717895507812,873.8221435546875,874.4519653320312,975.77294921875,857.2335205078125,947.8453979492188,1065.11962890625,924.1170043945312,1049.3463134765623,1052.6617431640623,905.3784790039062,269.37576293945307,919.5159301757812,961.1808471679688,1023.39453125,945.0785522460938,975.7085571289062,854.3030395507812,852.64697265625,974.0469970703124,843.5817260742188,871.8092041015625,972.0491333007812,409.076171875,911.3865356445312,911.1107177734376,952.9559936523438,901.0263061523438,969.1212768554688,728.1915283203125,824.5971069335938,907.7550659179688,834.9273681640625,603.2902221679688,904.6578979492188,345.5421447753906,501.75872802734375,992.8015747070312,957.22509765625,962.7407836914062,990.5970458984376,260.00347900390625,877.0183715820312,922.9933471679688,677.277099609375,945.75439453125,915.7724609375,860.5034790039062,901.9415283203124,1062.5264892578123,830.4383544921875,899.3225708007812,809.34814453125,753.4832153320312,1026.915771484375,1039.851806640625,1062.41748046875,650.69677734375,971.3369750976562,918.2648315429688,910.3771362304688,856.2571411132812,1017.9451293945312,899.55517578125,887.0281372070312,1042.9595947265623,1025.7371826171877,882.1287841796875,966.18798828125,973.3298950195312,902.75927734375
59.62985610961914,293.237060546875,65.411865234375,100.2803955078125,56.40456771850586,588.450927734375,849.2537231445312,574.2291259765625,942.716796875,66.62173461914061,790.1513671875,1002.66552734375,936.3745727539062,936.7859497070312,803.2894287109375,870.07421875,391.482177734375,900.427734375,862.96826171875,30.65078544616699,857.4264526367188,925.1293334960938,48.22711563110352,36.14665603637695,897.0753784179688,816.0396118164062,951.1878051757812,929.6317138671876,928.9645385742188,908.9119262695312,927.257080078125,816.6649169921875,895.6377563476562,487.3529968261719,901.2827758789062,876.42724609375,869.5538940429688,975.774658203125,856.1043090820312,948.8092041015624,1060.3017578125,922.7199096679688,1051.1170654296877,1054.1512451171877,895.421142578125,270.04464721679693,915.9932250976562,963.8724365234376,1026.7987060546877,945.3792114257812,971.6189575195312,853.4698486328125,851.9268188476562,969.7691040039062,849.4794921875,875.1495971679688,969.3026123046876,412.38360595703125,913.4612426757812,913.278076171875,945.9880981445312,899.465576171875,975.1825561523438,726.6881103515625,824.9689331054688,908.4921264648438,834.68017578125,602.3744506835938,908.0244140625,345.7465515136719,497.958251953125,986.65478515625,959.9181518554688,961.7657470703124,993.2088623046876,260.078857421875,865.3829345703125,923.2680053710938,678.3975219726562,936.649169921875,914.6078491210938,861.95263671875,900.0167846679688,1065.58935546875,832.6994018554688,901.4842529296876,805.5486450195312,758.739990234375,1028.7066650390623,1044.6639404296877,1060.68212890625,647.4968872070312,959.624267578125,911.3220825195312,909.3726196289062,858.3594970703125,1020.9562377929688,895.87158203125,887.9508666992188,1040.5133056640623,1026.487060546875,882.587158203125,963.428466796875,970.003173828125,900.93505859375
59.90082931518555,284.3343505859375,67.72579956054689,98.32837677001952,56.27285385131836,585.1951293945312,847.2068481445312,566.1316528320312,934.492919921875,66.70310211181639,785.9117431640625,1002.3506469726562,953.0381469726562,930.2105102539062,801.4296264648438,865.5997314453125,381.05279541015625,898.854736328125,862.7725219726562,31.66181755065918,859.267333984375,922.3615112304688,48.73263931274414,35.99984359741211,900.3885498046875,814.3211059570312,952.2889404296876,928.0587768554688,925.1799926757812,913.243408203125,926.2341918945312,819.3154907226562,899.90625,492.0799255371094,904.9056396484376,876.6192626953125,876.6123657226562,980.479736328125,857.4500122070312,952.7046508789062,1060.8428955078123,926.0352783203124,1050.3028564453123,1055.5433349609377,903.862060546875,272.531005859375,917.0396728515624,966.0210571289062,1024.70654296875,945.7188720703124,973.49462890625,856.414306640625,855.7357177734375,979.49072265625,856.6525268554688,873.4502563476562,970.193359375,410.88677978515625,912.0718383789062,912.423095703125,941.37548828125,900.6087646484375,974.2827758789062,730.4385986328125,822.5660400390625,914.8733520507812,832.5610961914062,607.2747802734375,910.366455078125,350.1206970214844,498.3711853027344,989.2172241210938,965.1409301757812,962.7691040039062,992.1324462890624,264.5830078125,871.1268310546875,923.20166015625,683.8786010742188,942.6945190429688,915.0245361328124,861.1318969726562,906.01123046875,1063.3250732421877,833.4255981445312,896.9044189453125,803.235595703125,756.4071655273438,1028.8909912109377,1038.0711669921877,1056.515380859375,650.1176147460938,957.9281616210938,912.485595703125,910.1921997070312,861.4826049804688,1018.8291625976562,895.0191650390625,887.2194213867188,1040.449951171875,1026.20751953125,882.0413208007812,961.66552734375,967.2151489257812,902.7925415039062
61.04946517944336,289.20086669921875,66.65493011474611,100.5575714111328,56.753944396972656,584.83349609375,847.130126953125,572.9844360351562,941.5993041992188,67.09526062011719,785.6974487304688,1009.072998046875,948.369140625,934.0612182617188,805.9185791015625,870.4571533203125,394.9306945800781,901.6879272460938,862.1863403320312,30.82481384277344,861.93701171875,924.0916137695312,47.78236770629883,38.17621612548828,901.5322875976562,815.6478881835938,956.751220703125,929.903076171875,927.6128540039062,911.767578125,927.5648803710938,819.877685546875,898.1278686523438,487.9864196777344,905.2047729492188,876.2662353515625,872.3258666992188,980.2789916992188,856.4337158203125,952.8099365234376,1059.0389404296877,926.8439331054688,1054.2501220703123,1055.0133056640623,899.8753051757812,271.802734375,916.974365234375,968.8019409179688,1028.2239990234377,949.1239624023438,974.0773315429688,855.1929321289062,854.5971069335938,977.5870971679688,854.99755859375,875.2013549804688,971.3949584960938,411.6399230957031,906.994873046875,912.2896728515624,945.9136352539062,902.053955078125,968.6424560546876,731.535400390625,821.6559448242188,915.6234741210938,833.5404052734375,606.3231811523438,909.9359741210938,348.1673278808594,500.4444274902344,992.181640625,957.86962890625,962.753662109375,991.7423095703124,257.90127563476557,872.3796997070312,924.3724365234376,674.3461303710938,943.5572509765624,909.5061645507812,862.1047973632812,900.723388671875,1063.6300048828123,834.8875122070312,901.7379760742188,808.2074584960938,758.7905883789062,1032.8485107421877,1042.6163330078123,1059.4217529296877,645.8929443359375,958.8956909179688,915.8189697265624,911.5808715820312,858.8893432617188,1015.7401123046876,899.5452270507812,888.9983520507812,1038.6070556640623,1027.3909912109377,881.5140991210938,964.1723022460938,975.1131591796876,906.5628051757812
58.9889030456543,287.2608947753906,66.95207214355469,97.62234497070312,55.9435920715332,582.1015014648438,849.5877685546875,568.7804565429688,945.2066040039062,67.03916168212889,786.9996337890625,1007.3283081054688,941.7935791015624,931.047607421875,810.3025512695312,869.8615112304688,388.8822326660156,901.474609375,863.254638671875,32.48342514038086,861.3717651367188,927.1105346679688,48.80446243286133,36.28318786621094,902.2853393554688,814.373779296875,959.5844116210938,932.5975341796876,926.4874877929688,910.3832397460938,925.6045532226562,822.1837158203125,898.3590698242188,495.854248046875,907.225830078125,877.1493530273438,874.0242309570312,981.4210815429688,857.2579956054688,954.045654296875,1077.1932373046877,929.3321533203124,1052.822509765625,1057.6846923828123,901.837158203125,271.2772216796875,917.08251953125,970.3532104492188,1029.027099609375,947.6273803710938,972.5543823242188,862.2554321289062,852.307861328125,975.8146362304688,849.4798583984375,873.2808227539062,970.57958984375,410.8238220214844,911.6812133789062,907.5357666015624,946.8395385742188,901.9437866210938,967.8479614257812,732.8970336914062,820.6710815429688,913.8153686523438,832.8408813476562,608.6677856445312,909.107421875,347.46270751953125,502.8372802734375,990.029296875,961.6912231445312,963.6117553710938,991.498779296875,264.67730712890625,872.3756103515625,921.5381469726562,682.5491333007812,947.7504272460938,905.284423828125,861.3676147460938,901.216064453125,1068.66748046875,835.1026611328125,900.0632934570312,808.9957885742188,755.7010498046875,1031.2965087890623,1042.4228515625,1060.3759765625,651.240478515625,959.8855590820312,919.1558227539062,909.5782470703124,856.8462524414062,1020.3816528320312,899.1443481445312,887.2112426757812,1040.2822265625,1028.9747314453123,884.2472534179688,967.0384521484376,974.1769409179688,906.940673828125
61.89085388183594,290.6683654785156,66.67684936523439,96.9660873413086,56.78557968139648,586.3565673828125,852.9471435546875,569.847412109375,947.5662841796876,66.09496307373047,789.4954833984375,1009.5701293945312,933.3386840820312,928.0474853515624,805.9148559570312,872.4944458007812,386.3536071777344,900.4724731445312,862.2228393554688,32.088905334472656,861.2432250976562,930.0829467773438,47.89041137695313,37.31474685668945,901.596923828125,816.6471557617188,960.5299072265624,929.6326293945312,923.9505615234376,907.8668823242188,926.02587890625,821.2908325195312,898.7716674804688,499.4637145996094,909.668701171875,879.4404907226562,876.32177734375,979.5473022460938,860.1560668945312,952.02880859375,1068.40185546875,926.780517578125,1054.1358642578123,1056.097412109375,898.42138671875,270.93435668945307,915.6448364257812,971.58837890625,1026.8499755859377,944.90771484375,974.041015625,860.8117065429688,853.3765869140625,974.22607421875,847.8223876953125,873.236328125,969.1277465820312,409.3756713867188,912.9588623046876,911.2638549804688,944.1505126953124,902.5833740234376,966.30712890625,736.1608276367188,826.9629516601562,909.7056884765624,835.503173828125,606.7293090820312,909.74755859375,349.6246032714844,505.7204895019531,989.379638671875,962.182861328125,961.7899169921876,993.0570678710938,263.11904907226557,873.658935546875,919.81640625,684.5804443359375,948.8095092773438,913.4683227539062,860.6322021484375,900.41796875,1067.4072265625,830.1160888671875,903.52587890625,808.6904296875,755.0343017578125,1031.2880859375,1041.048583984375,1063.7130126953123,651.677001953125,962.0623168945312,918.9498291015624,911.305419921875,860.111572265625,1018.846923828125,903.4397583007812,887.466064453125,1041.7200927734377,1031.091552734375,882.34375,973.892578125,977.6553344726562,909.5139770507812
57.5990104675293,288.0049133300781,67.31415557861328,100.1227569580078,56.44358444213867,578.2427368164062,845.1508178710938,568.6136474609375,945.2131958007812,67.2489013671875,785.078857421875,1006.1597290039062,929.4769897460938,929.5339965820312,805.0765380859375,871.067138671875,389.47052001953125,898.3826293945312,859.6566772460938,31.826030731201172,859.5706787109375,927.789794921875,47.1230697631836,37.52155685424805,901.4940185546876,814.2887573242188,959.81005859375,931.9334106445312,924.7216186523438,906.7067260742188,926.0892333984376,817.5308227539062,899.5838623046875,492.2074890136719,899.395751953125,875.7504272460938,872.7308959960938,975.67724609375,855.76953125,949.11865234375,1062.5869140625,923.6089477539062,1054.38134765625,1054.5213623046877,897.7689208984375,267.41018676757807,919.4605102539062,964.7542114257812,1027.7542724609377,948.0001220703124,976.1740112304688,849.2634887695312,852.9943237304688,975.516845703125,848.4356689453125,873.3967895507812,971.2052001953124,412.344482421875,907.11767578125,910.3240356445312,948.3174438476562,902.4744873046876,968.2327270507812,731.8212280273438,817.4558715820312,910.4835815429688,834.0310668945312,607.40673828125,907.6524658203124,348.4092712402344,502.62799072265625,990.098876953125,960.549560546875,958.6290283203124,991.0612182617188,258.6173095703125,870.88427734375,920.5213012695312,676.4820556640625,949.5437622070312,911.476806640625,862.7863159179688,904.4403686523438,1058.6558837890623,833.9608764648438,902.05810546875,808.2456665039062,760.7979736328125,1029.4544677734377,1040.8531494140623,1057.5972900390623,646.7305297851562,958.4624633789062,919.6974487304688,911.99853515625,858.5746459960938,1013.6868896484376,899.130126953125,889.35791015625,1039.84765625,1023.20263671875,881.1502685546875,965.0721435546876,970.4998168945312,903.9387817382812
60.44591522216797,285.1186828613281,66.38695526123047,96.41000366210938,56.70227813720703,586.11181640625,850.8450927734375,569.3619995117188,945.7804565429688,67.83573913574219,788.8306274414062,1006.3421020507812,946.2783813476562,927.7367553710938,805.4057006835938,869.6027221679688,389.5323181152344,899.9262084960938,863.6211547851562,30.899845123291016,862.478515625,928.604736328125,48.23752975463867,37.05849838256836,899.4638061523438,815.1637573242188,957.1942749023438,928.1124877929688,929.43798828125,911.2970581054688,926.2367553710938,820.7141723632812,900.0103759765625,496.3326110839844,903.8895874023438,877.833251953125,873.8118896484375,976.6563720703124,857.4241943359375,951.11865234375,1066.4783935546877,924.456298828125,1050.9644775390623,1054.087158203125,898.1286010742188,271.09774780273443,916.0087280273438,962.950439453125,1026.8673095703123,945.0338134765624,974.287841796875,858.106201171875,850.89453125,972.9929809570312,847.5752563476562,874.13818359375,968.1458740234376,409.433349609375,911.6664428710938,910.6618041992188,948.660888671875,902.1484375,968.0677490234376,733.0623168945312,826.4423828125,908.5318603515624,833.5469360351562,604.7247924804688,908.0519409179688,347.72528076171875,502.3565368652344,992.091064453125,957.0972290039062,966.166748046875,992.818359375,260.51724243164057,873.6350708007812,922.1505126953124,682.2279663085938,942.65380859375,913.1075439453124,860.8515625,901.9622802734376,1064.4013671875,832.432861328125,898.7879028320312,806.5773315429688,755.04443359375,1029.8531494140623,1037.997314453125,1058.685791015625,652.3892822265625,963.9220581054688,916.451171875,910.3515625,857.621826171875,1016.064453125,899.264404296875,887.357666015625,1039.8902587890623,1025.48388671875,882.3800659179688,965.13525390625,972.6015014648438,903.2971801757812
59.37874984741211,292.6310729980469,67.54985809326172,101.1986846923828,56.34881210327149,583.738037109375,847.2012329101562,571.367919921875,944.1383666992188,66.34506988525389,786.2804565429688,1004.4939575195312,939.5560302734376,934.2557373046876,806.4404296875,870.0112915039062,390.6860046386719,900.89501953125,860.2001342773438,31.918142318725586,857.8395385742188,924.569091796875,48.846435546875,37.49517059326172,902.92041015625,815.15869140625,955.8422241210938,930.5536499023438,925.09423828125,908.9776000976562,925.3595581054688,820.858642578125,898.1207885742188,491.130126953125,904.00390625,874.04345703125,872.1815185546875,982.0636596679688,856.771240234375,951.7760009765624,1062.908935546875,927.451171875,1053.552978515625,1057.0615234375,904.3648071289062,269.74636840820307,918.77734375,973.7145385742188,1029.64599609375,949.9552612304688,974.5584716796876,854.1458129882812,855.7520141601562,975.7362060546876,850.64794921875,874.3344116210938,974.1244506835938,412.585205078125,910.2774658203124,912.35986328125,945.6574096679688,901.56884765625,970.1244506835938,729.3104858398438,820.318603515625,913.4615478515624,834.0647583007812,605.7913818359375,907.911376953125,349.4234619140625,499.99737548828125,990.56494140625,963.0821533203124,958.590087890625,991.8435668945312,261.91961669921875,871.7677612304688,922.3580322265624,676.9174194335938,946.0821533203124,911.5301513671876,862.2083740234375,902.2423095703124,1066.135009765625,835.13818359375,900.0114135742188,807.27587890625,759.232421875,1032.4210205078123,1042.2039794921877,1061.4217529296877,646.9760131835938,962.0078125,916.4920043945312,910.98974609375,860.5435180664062,1022.8264770507812,899.4124145507812,888.7327270507812,1041.0838623046877,1027.2515869140623,882.7860717773438,965.7513427734376,972.4273071289062,907.3814697265624
60.42851638793945,285.0604553222656,67.13719177246094,99.77350616455078,56.795326232910156,584.8062133789062,853.9278564453125,568.0096435546875,956.6683959960938,67.29665374755861,786.1868286132812,1003.5240478515624,952.3980102539062,928.6632690429688,808.6143798828125,869.0115356445312,394.10980224609375,900.2423706054688,862.6259155273438,31.54704284667969,862.12841796875,924.5986938476562,47.17829513549805,37.20930099487305,904.2517700195312,814.9026489257812,958.8018188476562,929.1053466796876,927.3101196289062,909.1616821289062,926.3934936523438,820.3679809570312,899.5408935546875,499.5124816894531,900.3187866210938,872.01806640625,872.0460815429688,976.5530395507812,855.1508178710938,948.4078979492188,1070.28955078125,924.5952758789062,1045.71826171875,1051.94482421875,904.21630859375,271.80001831054693,914.9979248046876,959.90673828125,1025.1614990234377,947.6388549804688,974.4423217773438,860.401611328125,851.4822387695312,977.3720092773438,845.8253784179688,875.99169921875,971.8019409179688,410.50103759765625,914.4679565429688,910.5487060546876,949.8102416992188,902.1822509765624,968.6365966796876,728.6638793945312,827.344482421875,909.6876220703124,835.6279296875,602.336669921875,904.7847290039062,348.5330505371094,498.07550048828125,992.9495239257812,959.16845703125,961.1986694335938,993.6819458007812,261.3282470703125,872.868408203125,921.0874633789062,680.1654052734375,946.4921264648438,912.317626953125,860.810302734375,905.0335083007812,1061.3702392578123,835.626953125,902.8712768554688,806.2920532226562,758.68603515625,1029.7314453125,1039.4124755859377,1065.2335205078123,653.465087890625,967.186279296875,919.0405883789062,908.457763671875,859.6105346679688,1018.2698364257812,903.1140747070312,888.1460571289062,1038.21337890625,1026.8121337890623,886.0013427734375,970.6248779296876,976.618408203125,908.167236328125
61.34419250488281,283.0263977050781,67.40656280517578,95.96400451660156,56.70878982543945,578.874267578125,850.0949096679688,563.2991333007812,949.4421997070312,67.34853363037111,785.798095703125,1005.4021606445312,939.7566528320312,922.471435546875,807.09716796875,868.7507934570312,381.0400390625,899.5679321289062,861.14208984375,29.42095375061035,860.6854248046875,929.45849609375,49.04480743408203,37.19475555419922,905.5617065429688,814.7945556640625,960.520263671875,931.4630737304688,927.2933959960938,908.8577270507812,929.1398315429688,824.6046752929688,902.4019165039062,500.5877990722656,904.6495971679688,876.5565185546875,874.5791015625,977.05322265625,856.3807373046875,951.0492553710938,1069.0657958984377,926.0363159179688,1048.3763427734377,1050.6900634765623,903.3733520507812,272.2926025390625,914.2625122070312,962.9313354492188,1021.8369750976562,943.0360717773438,974.0258178710938,853.726806640625,852.2152099609375,973.0790405273438,849.1128540039062,873.5487060546875,970.5064697265624,410.8421630859375,910.2598876953124,909.7982177734376,945.9288940429688,900.6140747070312,966.984375,732.3314208984375,820.3886108398438,912.73974609375,835.3427734375,603.43212890625,909.4170532226562,346.43389892578125,502.99609375,991.21826171875,960.0458374023438,959.0022583007812,989.0405883789062,263.91842651367193,872.59814453125,921.5418090820312,677.5056762695312,953.0760498046876,914.9342651367188,862.1114501953125,903.71728515625,1061.6773681640623,831.1043090820312,895.0158081054688,809.7437744140625,757.62060546875,1028.2762451171877,1041.6854248046877,1057.1597900390623,650.559326171875,967.660888671875,921.00830078125,912.2279052734376,861.8526000976562,1012.1819458007812,901.4396362304688,890.6868896484375,1033.1942138671877,1023.9566040039062,887.1112060546875,970.0665893554688,975.4564819335938,905.6915283203124
59.53012084960938,289.4255676269531,67.16139221191406,98.37242126464844,56.13408279418945,580.1696166992188,845.0425415039062,570.9634399414062,943.998779296875,66.35958099365234,787.3792724609375,1005.0401000976562,931.263671875,927.4407958984376,807.9439697265625,868.4872436523438,392.8796081542969,901.5736083984376,860.6943969726562,32.482101440429695,858.7044677734375,926.6151123046876,48.63940811157226,37.235294342041016,902.05517578125,815.2559814453125,956.4776611328124,930.960205078125,925.34033203125,907.0255126953124,921.7576904296876,827.8235473632812,899.7211303710938,498.8832702636719,907.7923583984376,880.6779174804688,870.8253784179688,980.1658325195312,858.4050903320312,952.55419921875,1064.2698974609377,926.9373779296876,1051.4921875,1055.343994140625,902.2719116210938,272.12423706054693,921.5230102539062,976.2735595703124,1029.71484375,947.6337280273438,973.0687866210938,854.6143188476562,853.113037109375,966.4005126953124,848.2572631835938,874.0529174804688,971.753173828125,410.766845703125,905.55078125,913.0564575195312,948.1765747070312,903.4200439453124,967.4454956054688,734.6815185546875,820.3012084960938,909.4718627929688,833.1698608398438,607.4197998046875,910.2694702148438,350.3924865722656,503.854248046875,989.9862060546876,959.3062744140624,962.7001953125,989.4615478515624,260.31350708007807,872.6776123046875,922.0211791992188,680.0265502929688,947.0872802734376,914.0389404296876,862.642333984375,902.7938842773438,1064.6650390625,835.1532592773438,899.7971801757812,808.0784301757812,756.194580078125,1032.9027099609377,1042.2674560546877,1060.802001953125,650.9210815429688,963.3473510742188,918.915283203125,911.9373168945312,858.0140991210938,1020.6228637695312,900.9418334960938,888.2398071289062,1042.6566162109377,1026.3616943359377,878.1331176757812,968.4844970703124,975.9998168945312,908.6795654296876
59.37741470336914,291.282958984375,66.19266510009766,97.7594223022461,56.48223495483398,584.0779418945312,846.7977294921875,570.931884765625,947.1522216796876,66.93532562255861,785.8784790039062,1004.6779174804688,936.4959716796876,929.572509765625,806.5752563476562,868.8046875,390.5077209472656,900.8899536132812,860.0030517578125,32.71501922607422,860.4755859375,926.6798095703124,49.66929244995117,36.47151947021485,901.3555908203124,813.7869262695312,958.22119140625,927.67822265625,926.9926147460938,909.4402465820312,924.8843383789062,822.5254516601562,900.5596313476562,487.52252197265625,907.5324096679688,879.326904296875,872.164794921875,982.221435546875,858.60107421875,951.6524658203124,1055.130859375,927.841064453125,1057.4031982421877,1057.8529052734377,892.74072265625,271.93218994140625,915.4776611328124,970.1476440429688,1030.800048828125,947.4705810546876,974.4869384765624,856.0176391601562,853.6775512695312,972.1702270507812,847.6971435546875,876.3553466796875,971.4142456054688,412.61077880859375,913.1898803710938,909.411376953125,944.5189208984376,903.0336303710938,969.802001953125,732.3123168945312,828.90478515625,910.6408081054688,832.230224609375,605.262939453125,909.25537109375,349.47882080078125,502.2894287109375,987.86767578125,958.3724365234376,957.1810913085938,996.6271362304688,263.7543334960937,867.0405883789062,921.049560546875,684.52197265625,940.880126953125,908.4569702148438,860.421630859375,901.7061157226562,1066.0556640625,834.7621459960938,903.880859375,808.042236328125,758.767822265625,1033.8758544921877,1042.1600341796877,1060.440185546875,649.6834106445312,958.3595581054688,912.966064453125,909.869873046875,857.0771484375,1017.6398315429688,897.6325073242188,887.70556640625,1039.71826171875,1028.4775390625,880.931640625,965.0958251953124,973.5198364257812,908.6111450195312
60.45224380493164,288.0962829589844,68.49090576171875,97.9666976928711,56.37199783325195,581.18212890625,848.8308715820312,567.2332153320312,942.14892578125,66.77182769775389,784.3284301757812,1005.2160034179688,940.1383666992188,926.9161987304688,807.6194458007812,869.4542846679688,389.7591857910156,898.9734497070312,862.3446655273438,31.75704765319824,860.3074951171875,925.60107421875,48.21818542480469,37.0037727355957,901.3231811523438,814.13232421875,956.43896484375,929.2872924804688,926.344482421875,910.6652221679688,926.8736572265624,818.2133178710938,897.854248046875,487.3543395996094,903.857421875,877.9445190429688,870.1838989257812,977.1525268554688,856.4769897460938,949.5243530273438,1063.6396484375,926.1831665039062,1051.6063232421877,1053.529541015625,892.22265625,271.43585205078125,916.2693481445312,964.7925415039062,1025.15576171875,948.3097534179688,973.359375,856.0364990234375,853.7421264648438,976.3548583984376,853.8772583007812,875.2160034179688,971.7561645507812,412.2978820800781,915.512939453125,910.1956176757812,944.9451904296876,901.21484375,971.98681640625,729.8527221679688,822.37255859375,914.2265625,833.22021484375,608.7156372070312,910.3553466796876,348.2547302246094,502.416259765625,992.6527709960938,962.9873657226562,963.8016357421876,995.0982055664062,262.35714721679693,868.97314453125,923.9110107421876,682.005615234375,946.641845703125,910.140625,861.4798583984375,903.0187377929688,1065.6673583984377,838.6654052734375,904.2808227539062,808.2439575195312,761.38623046875,1031.190673828125,1045.0650634765623,1063.1416015625,650.2293701171875,961.6649780273438,918.1796875,909.9095458984376,858.8410034179688,1011.990234375,900.321044921875,888.484130859375,1039.6324462890623,1029.145751953125,883.02294921875,965.7277221679688,974.9283447265624,908.30712890625
58.45133972167969,294.6084899902344,66.09654998779297,102.61263275146484,56.7520866394043,587.4987182617188,849.1280517578125,574.0465698242188,944.732421875,65.98281097412111,785.5072021484375,1003.457763671875,948.0989990234376,929.4793090820312,805.984375,870.2681884765625,391.6361389160156,897.6990356445312,861.9636840820312,31.704235076904297,861.4871826171875,925.81494140625,46.57950210571289,37.80900955200195,899.2120971679688,814.736328125,955.4151000976562,928.3615112304688,925.9469604492188,909.9328002929688,925.306640625,817.6314086914062,899.4029541015625,491.213623046875,903.0797729492188,879.97119140625,871.8967895507812,977.5877075195312,857.96923828125,951.44140625,1065.3369140625,924.824951171875,1050.30419921875,1052.1566162109377,909.1055908203124,274.2538452148437,919.7529296875,962.2701416015624,1023.0596313476562,945.6346435546876,975.23291015625,858.2734375,854.4539184570312,973.9161987304688,854.1232299804688,872.6622314453125,972.8949584960938,410.3931884765625,907.6187133789062,910.8818969726562,944.7440185546876,901.7385864257812,971.9840698242188,731.875732421875,822.5415649414062,913.9450073242188,834.7267456054688,608.804443359375,908.8433227539062,348.5874938964844,500.8161010742188,990.9203491210938,961.3611450195312,962.4485473632812,989.3640747070312,260.50637817382807,872.4956665039062,923.590576171875,680.8956909179688,949.2742309570312,913.1458129882812,861.9899291992188,905.8536987304688,1060.8721923828123,833.1035766601562,904.4549560546876,809.5634765625,757.4315795898438,1028.4981689453123,1044.3946533203123,1063.4608154296877,651.2583618164062,962.9652709960938,920.6629028320312,910.2012939453124,858.7886962890625,1016.5950927734376,902.2969970703124,888.75537109375,1041.269287109375,1029.6761474609377,884.7307739257812,970.1934814453124,976.2046508789062,908.0137939453124
60.6749382019043,288.5813293457031,67.52142333984375,97.8988037109375,56.07441329956055,581.0628051757812,847.58935546875,570.7589721679688,944.2146606445312,67.09996032714844,787.5785522460938,1006.634033203125,931.587158203125,929.47607421875,805.321533203125,870.2488403320312,388.0941162109375,900.94921875,861.041015625,31.695232391357425,859.597900390625,926.9962768554688,49.01639938354492,36.63643646240234,902.2619018554688,815.2743530273438,957.58447265625,930.7621459960938,925.9006958007812,906.866455078125,926.4605102539062,822.9281616210938,899.4379272460938,492.6207275390625,905.4158325195312,877.030029296875,873.9711303710938,978.7289428710938,856.9249877929688,950.67236328125,1065.4996337890623,926.1463623046876,1053.1326904296877,1054.688720703125,896.41650390625,269.93798828125,916.7305297851562,969.4544677734376,1028.2843017578123,946.7072143554688,974.05419921875,854.1890258789062,853.3694458007812,973.018310546875,848.1680908203125,874.912109375,970.421875,411.443359375,911.1482543945312,910.41162109375,946.3079833984376,901.8646240234376,968.9248657226562,731.3737182617188,821.4314575195312,910.9541625976562,834.053466796875,604.4878540039062,908.6891479492188,348.42205810546875,502.3365478515625,988.6918334960938,961.1232299804688,959.4821166992188,992.1882934570312,261.90127563476557,870.0841064453125,921.2674560546876,678.043701171875,944.452392578125,911.9468383789062,861.7239379882812,900.9268188476562,1064.9632568359377,834.1277465820312,899.9510498046875,807.899169921875,758.042724609375,1030.339599609375,1042.6331787109377,1059.5166015625,647.919677734375,959.3644409179688,914.7907104492188,910.5243530273438,858.5718383789062,1016.6493530273438,898.70751953125,887.8748779296875,1039.4984130859377,1025.7763671875,881.1296997070312,964.7335815429688,972.0398559570312,905.76904296875
60.17792892456055,285.5583801269531,66.66164398193361,98.1900863647461,56.71370697021485,585.1539306640625,851.18896484375,568.96435546875,947.322998046875,67.46735382080078,789.1321411132812,1007.3616943359376,945.3380737304688,932.61962890625,805.9345703125,870.5043334960938,389.3404541015625,901.1328125,862.78369140625,31.00983619689941,860.8170166015625,927.3182373046876,48.17047500610352,37.31890869140625,902.2008666992188,815.7030029296875,958.4381103515624,930.4420776367188,927.508544921875,910.4588012695312,926.7611083984376,820.390869140625,899.0186157226562,499.5773010253906,903.08984375,873.440185546875,875.3500366210938,978.8635864257812,856.5648193359375,951.6385498046876,1068.598876953125,925.541015625,1050.846435546875,1055.9075927734377,902.973876953125,268.92584228515625,916.3580322265624,966.860107421875,1028.3311767578123,947.0835571289062,974.440185546875,856.9197387695312,852.1475830078125,976.5709228515624,846.857666015625,873.4627075195312,969.7282104492188,410.3122253417969,910.8201904296876,911.6187133789062,948.780517578125,901.889892578125,966.9161376953124,731.6979370117188,823.3069458007812,909.8017578125,834.5100708007812,603.9295654296875,906.5921020507812,348.0939025878906,500.9842834472656,991.8507690429688,959.267578125,963.2454223632812,991.4672241210938,260.80572509765625,875.0673217773438,921.1487426757812,678.0311279296875,945.0440063476562,912.4588623046876,861.2195434570312,901.5772094726562,1064.615234375,831.6636352539062,897.4744262695312,806.2423706054688,755.6521606445312,1030.5205078125,1036.888427734375,1058.8988037109377,649.8259887695312,963.8465576171876,917.3120727539062,911.0479125976562,859.5687255859375,1020.8480834960938,899.32177734375,887.8732299804688,1039.9456787109377,1025.2161865234377,883.5119018554688,966.4356689453124,972.0465698242188,903.584716796875
